"Investeringen in vaste activa naar type en regio; nationale rekeningen"
"";"Onderwerpen";"Investeringen naar type van activa";"Investeringen naar type van activa";"Investeringen naar type van activa";"Investeringen naar type van activa";"Investeringen naar type van activa";"Investeringen naar type van activa";"Investeringen naar type van activa";"Investeringen naar type van activa";"Investeringen naar type van activa";"Investeringen naar type van activa"
"";"Onderwerpen";"Woningen";"Bedrijfsgebouwen";"Grond-weg- en waterbouwkundige werken";"Vervoermiddelen";"Machines en installaties";"In cultuur gebrachte activa";"Overdrachtskosten op grond";"Computerprogrammatuur en databanken";"Onderzoek en ontwikkeling";"Overige investeringen"
"Regio's";"Perioden";"mln euro";"mln euro";"mln euro";"mln euro";"mln euro";"mln euro";"mln euro";"mln euro";"mln euro";"mln euro"
"Nederland";"1995";"17262";"10365";"7151";"6624";"11594";"392";"944";"3902";"6029";"6602"
"Nederland";"2010";"29464";"19948";"15249";"9617";"14938";"259";"1596";"15053";"10949";"11041"
"Nederland";"2011";"26877";"20384";"17565";"11274";"17487";"200";"1666";"15123";"11385";"11769"
"Nederland";"2012";"22610";"18491";"16051";"11039";"16375";"251";"1595";"15577";"11329";"11457"
"Nederland";"2013*";"19733";"18111";"15677";"10163";"15932";"326";"1347";"15413";"11422";"11658"
"Noord-Nederland (LD)";"1995";"1584";"1324";"832";"463";"1271";"50";"84";"292";"463";"604"
"Noord-Nederland (LD)";"2010";"2149";"1670";"1401";"580";"1433";"26";"116";"1088";"769";"932"
"Noord-Nederland (LD)";"2011";"2034";"1453";"1073";"512";"1530";"20";"122";"1080";"843";"907"
"Noord-Nederland (LD)";"2012";"1935";"1448";"1244";"558";"1717";"25";"118";"1119";"817";"858"
"Noord-Nederland (LD)";"2013*";"1436";"1175";"1635";"754";"2915";"33";"97";"1086";"821";"864"
"Oost-Nederland (LD)";"1995";"3722";"2095";"1363";"1016";"2088";"144";"168";"706";"1192";"1168"
"Oost-Nederland (LD)";"2010";"6378";"4133";"2795";"2353";"2860";"85";"264";"2591";"1940";"1801"
"Oost-Nederland (LD)";"2011";"6211";"5005";"3304";"2750";"2714";"65";"278";"2588";"2052";"2081"
"Oost-Nederland (LD)";"2012";"5115";"4249";"3250";"3182";"2560";"83";"266";"2699";"2052";"1842"
"Oost-Nederland (LD)";"2013*";"4563";"3404";"2804";"2191";"2243";"107";"227";"2634";"2072";"1830"
"West-Nederland (LD)";"1995";"8077";"4906";"3410";"4091";"4984";"121";"508";"2075";"2830";"3412"
"West-Nederland (LD)";"2010";"14475";"10258";"8216";"5640";"7295";"84";"935";"8487";"5347";"6089"
"West-Nederland (LD)";"2011";"12912";"10016";"9112";"6099";"8399";"65";"965";"8533";"5460";"6330"
"West-Nederland (LD)";"2012";"10661";"9156";"7328";"5669";"7248";"81";"929";"8745";"5519";"6164"
"West-Nederland (LD)";"2013*";"9139";"8866";"7869";"5400";"6837";"106";"781";"8700";"5560";"6516"
"Zuid-Nederland (LD)";"1995";"3879";"2037";"1306";"1049";"3032";"78";"183";"820";"1543";"1306"
"Zuid-Nederland (LD)";"2010";"6462";"3885";"2354";"1042";"3115";"64";"278";"2849";"2890";"1954"
"Zuid-Nederland (LD)";"2011";"5720";"3887";"2489";"1910";"4371";"50";"298";"2882";"3027";"2081"
"Zuid-Nederland (LD)";"2012";"4899";"3635";"2860";"1627";"4212";"62";"281";"2962";"2940";"2015"
"Zuid-Nederland (LD)";"2013*";"4595";"4664";"2584";"1815";"3402";"79";"240";"2945";"2967";"1977"
"Extra-Regio (LD)";"1995";" ";"3";"241";"5";"219";" ";"1";"9";"1";"111"
"Extra-Regio (LD)";"2010";" ";"2";"483";"3";"235";" ";"3";"37";"3";"264"
"Extra-Regio (LD)";"2011";" ";"23";"1587";"3";"473";" ";"2";"40";"4";"370"
"Extra-Regio (LD)";"2012";" ";"3";"1368";"3";"638";" ";"2";"51";"2";"578"
"Extra-Regio (LD)";"2013*";" ";"2";"785";"4";"535";" ";"1";"49";"2";"471"
"Groningen (PV)";"1995";"532";"407";"262";"176";"483";"11";"24";"99";"172";"246"
"Groningen (PV)";"2010";"693";"668";"361";"197";"763";"6";"39";"410";"284";"332"
"Groningen (PV)";"2011";"705";"619";"457";"141";"523";"4";"42";"402";"304";"311"
"Groningen (PV)";"2012";"656";"437";"435";"229";"619";"6";"39";"416";"302";"310"
"Groningen (PV)";"2013*";"408";"468";"997";"371";"2163";"7";"32";"387";"303";"319"
"Friesland (PV)";"1995";"627";"600";"154";"162";"298";"30";"38";"106";"150";"186"
"Friesland (PV)";"2010";"844";"707";"624";"217";"377";"14";"45";"395";"279";"293"
"Friesland (PV)";"2011";"808";"562";"303";"209";"622";"11";"47";"396";"324";"323"
"Friesland (PV)";"2012";"795";"612";"424";"211";"590";"14";"45";"411";"308";"294"
"Friesland (PV)";"2013*";"672";"441";"297";"231";"405";"18";"37";"401";"310";"289"
"Drenthe (PV)";"1995";"425";"317";"417";"125";"490";"9";"21";"87";"142";"172"
"Drenthe (PV)";"2010";"613";"295";"416";"166";"292";"6";"32";"283";"206";"308"
"Drenthe (PV)";"2011";"521";"272";"313";"162";"385";"5";"34";"282";"214";"273"
"Drenthe (PV)";"2012";"484";"399";"386";"118";"507";"6";"34";"292";"207";"254"
"Drenthe (PV)";"2013*";"356";"267";"341";"151";"347";"8";"27";"298";"208";"255"
"Overijssel (PV)";"1995";"1113";"557";"478";"310";"760";"32";"56";"228";"377";"385"
"Overijssel (PV)";"2010";"1663";"1170";"951";"351";"714";"14";"80";"805";"593";"574"
"Overijssel (PV)";"2011";"1828";"1393";"915";"510";"1072";"11";"87";"807";"634";"645"
"Overijssel (PV)";"2012";"1336";"1220";"883";"543";"925";"14";"82";"838";"635";"589"
"Overijssel (PV)";"2013*";"1234";"994";"784";"435";"720";"18";"71";"804";"639";"560"
"Flevoland (PV)";"1995";"399";"248";"66";"155";"271";"19";"12";"72";"99";"106"
"Flevoland (PV)";"2010";"918";"618";"228";"1429";"989";"12";"24";"268";"205";"208"
"Flevoland (PV)";"2011";"712";"451";"215";"1554";"368";"9";"24";"255";"214";"232"
"Flevoland (PV)";"2012";"515";"543";"643";"1875";"309";"12";"23";"282";"205";"208"
"Flevoland (PV)";"2013*";"448";"378";"161";"1129";"238";"15";"19";"275";"208";"238"
"Gelderland (PV)";"1995";"2210";"1290";"818";"551";"1057";"92";"100";"406";"716";"678"
"Gelderland (PV)";"2010";"3797";"2345";"1616";"573";"1157";"58";"161";"1517";"1142";"1019"
"Gelderland (PV)";"2011";"3672";"3161";"2174";"686";"1274";"45";"167";"1526";"1204";"1204"
"Gelderland (PV)";"2012";"3264";"2487";"1724";"763";"1327";"57";"161";"1579";"1212";"1045"
"Gelderland (PV)";"2013*";"2881";"2032";"1859";"627";"1285";"75";"137";"1555";"1225";"1032"
"Utrecht (PV)";"1995";"1204";"838";"762";"766";"540";"29";"92";"332";"440";"591"
"Utrecht (PV)";"2010";"2297";"1676";"1997";"1345";"759";"20";"158";"1506";"833";"913"
"Utrecht (PV)";"2011";"2438";"2106";"1522";"1203";"1118";"15";"159";"1490";"841";"1063"
"Utrecht (PV)";"2012";"1641";"1444";"1520";"1379";"873";"19";"149";"1550";"849";"958"
"Utrecht (PV)";"2013*";"1470";"1665";"1766";"1168";"851";"25";"132";"1544";"858";"1187"
"Noord-Holland (PV)";"1995";"2729";"1469";"929";"1714";"1539";"18";"184";"781";"910";"1312"
"Noord-Holland (PV)";"2010";"4825";"3596";"1814";"1606";"2296";"13";"379";"3274";"1983";"2372"
"Noord-Holland (PV)";"2011";"4224";"3133";"2122";"2095";"2327";"10";"389";"3381";"2008";"2374"
"Noord-Holland (PV)";"2012";"3582";"2998";"1843";"2135";"1804";"12";"380";"3434";"2083";"2423"
"Noord-Holland (PV)";"2013*";"3302";"3139";"1670";"1655";"2175";"16";"317";"3430";"2098";"2491"
"Zuid-Holland (PV)";"1995";"3717";"2379";"1647";"1482";"2178";"24";"215";"880";"1317";"1393"
"Zuid-Holland (PV)";"2010";"6598";"4661";"3994";"2387";"3790";"15";"374";"3465";"2332";"2628"
"Zuid-Holland (PV)";"2011";"5503";"4404";"5202";"2302";"4240";"12";"392";"3422";"2432";"2675"
"Zuid-Holland (PV)";"2012";"4678";"4308";"3649";"1896";"4055";"14";"374";"3518";"2405";"2595"
"Zuid-Holland (PV)";"2013*";"3816";"3734";"4211";"2316";"3136";"18";"310";"3487";"2422";"2636"
"Zeeland (PV)";"1995";"425";"221";"72";"129";"727";"49";"17";"83";"163";"117"
"Zeeland (PV)";"2010";"754";"324";"410";"302";"450";"36";"24";"243";"199";"177"
"Zeeland (PV)";"2011";"747";"372";"267";"500";"714";"28";"26";"241";"180";"219"
"Zeeland (PV)";"2012";"760";"405";"317";"259";"516";"35";"26";"244";"182";"189"
"Zeeland (PV)";"2013*";"552";"327";"223";"261";"675";"48";"23";"238";"183";"201"
"Noord-Brabant (PV)";"1995";"2781";"1431";"887";"803";"2012";"50";"129";"593";"1148";"918"
"Noord-Brabant (PV)";"2010";"4944";"2800";"1932";"806";"2221";"36";"197";"2057";"2146";"1434"
"Noord-Brabant (PV)";"2011";"4358";"2835";"2031";"1591";"2938";"28";"212";"2093";"2228";"1474"
"Noord-Brabant (PV)";"2012";"3812";"2586";"2139";"1186";"2844";"35";"199";"2164";"2148";"1448"
"Noord-Brabant (PV)";"2013*";"3651";"3058";"2036";"1500";"2372";"44";"169";"2148";"2171";"1411"
"Limburg (PV)";"1995";"1099";"606";"419";"246";"1020";"27";"54";"227";"395";"387"
"Limburg (PV)";"2010";"1518";"1085";"423";"235";"894";"28";"80";"792";"745";"520"
"Limburg (PV)";"2011";"1362";"1052";"458";"319";"1434";"22";"86";"789";"799";"606"
"Limburg (PV)";"2012";"1087";"1049";"721";"441";"1368";"27";"82";"798";"792";"567"
"Limburg (PV)";"2013*";"944";"1607";"548";"315";"1030";"35";"71";"797";"796";"566"
"Oost-Groningen (CR)";"1995";"114";"40";"73";"27";"119";"2";"6";"17";"26";"34"
"Oost-Groningen (CR)";"2010";"141";"104";"87";"28";"85";"1";"8";"54";"35";"40"
"Oost-Groningen (CR)";"2011";"127";"119";"83";"29";"97";"1";"8";"58";"47";"50"
"Oost-Groningen (CR)";"2012";"78";"91";"77";"31";"116";"1";"8";"57";"48";"45"
"Oost-Groningen (CR)";"2013*";"53";"95";"92";"30";"87";"2";"6";"56";"48";"45"
"Delfzijl en omgeving (CR)";"1995";"18";"31";"8";"25";"73";"2";"1";"10";"17";"13"
"Delfzijl en omgeving (CR)";"2010";"49";"39";"38";"57";"247";"1";"2";"22";"23";"31"
"Delfzijl en omgeving (CR)";"2011";"42";"39";"44";"21";"80";"1";"2";"24";"26";"26"
"Delfzijl en omgeving (CR)";"2012";"64";"47";"18";"49";"79";"1";"2";"26";"29";"21"
"Delfzijl en omgeving (CR)";"2013*";"35";"26";"60";"235";"67";"1";"2";"24";"29";"18"
"Overig Groningen (CR)";"1995";"401";"336";"180";"124";"292";"7";"17";"72";"128";"198"
"Overig Groningen (CR)";"2010";"502";"525";"236";"112";"431";"4";"30";"334";"226";"260"
"Overig Groningen (CR)";"2011";"536";"461";"329";"91";"346";"3";"32";"320";"230";"236"
"Overig Groningen (CR)";"2012";"514";"300";"339";"150";"424";"4";"29";"334";"225";"245"
"Overig Groningen (CR)";"2013*";"320";"347";"845";"106";"2009";"5";"24";"308";"226";"256"
"Noord-Friesland (CR)";"1995";"326";"207";"89";"73";"151";"15";"26";"58";"71";"103"
"Noord-Friesland (CR)";"2010";"386";"339";"424";"69";"203";"7";"23";"229";"118";"142"
"Noord-Friesland (CR)";"2011";"414";"299";"104";"78";"288";"5";"24";"226";"123";"172"
"Noord-Friesland (CR)";"2012";"364";"347";"205";"95";"322";"6";"25";"233";"117";"158"
"Noord-Friesland (CR)";"2013*";"332";"271";"138";"104";"209";"8";"20";"225";"117";"153"
"Zuidwest-Friesland (CR)";"1995";"112";"54";"17";"31";"62";"4";"5";"15";"20";"27"
"Zuidwest-Friesland (CR)";"2010";"173";"98";"60";"35";"62";"3";"5";"49";"34";"43"
"Zuidwest-Friesland (CR)";"2011";"113";"48";"55";"37";"104";"2";"5";"47";"36";"46"
"Zuidwest-Friesland (CR)";"2012";"207";"116";"42";"24";"81";"3";"5";"50";"37";"38"
"Zuidwest-Friesland (CR)";"2013*";"123";"59";"38";"33";"58";"4";"4";"48";"37";"40"
"Zuidoost-Friesland (CR)";"1995";"189";"340";"48";"58";"85";"11";"8";"33";"58";"56"
"Zuidoost-Friesland (CR)";"2010";"285";"271";"140";"113";"113";"4";"17";"117";"126";"107"
"Zuidoost-Friesland (CR)";"2011";"281";"215";"144";"93";"230";"3";"18";"122";"165";"105"
"Zuidoost-Friesland (CR)";"2012";"224";"149";"177";"93";"187";"4";"15";"129";"153";"97"
"Zuidoost-Friesland (CR)";"2013*";"216";"110";"120";"93";"139";"6";"13";"127";"156";"96"
"Noord-Drenthe (CR)";"1995";"205";"126";"285";"60";"276";"4";"9";"29";"39";"85"
"Noord-Drenthe (CR)";"2010";"213";"110";"126";"92";"109";"2";"13";"116";"63";"172"
"Noord-Drenthe (CR)";"2011";"243";"124";"140";"70";"163";"2";"14";"114";"68";"136"
"Noord-Drenthe (CR)";"2012";"216";"131";"105";"46";"167";"2";"15";"120";"64";"126"
"Noord-Drenthe (CR)";"2013*";"152";"92";"164";"71";"141";"3";"12";"117";"64";"113"
"Zuidoost-Drenthe (CR)";"1995";"111";"94";"48";"36";"135";"3";"5";"33";"59";"46"
"Zuidoost-Drenthe (CR)";"2010";"193";"123";"83";"35";"112";"2";"11";"81";"81";"80"
"Zuidoost-Drenthe (CR)";"2011";"153";"83";"84";"54";"135";"1";"11";"81";"77";"77"
"Zuidoost-Drenthe (CR)";"2012";"141";"183";"118";"39";"232";"2";"11";"83";"78";"69"
"Zuidoost-Drenthe (CR)";"2013*";"98";"85";"95";"44";"104";"2";"9";"83";"79";"79"
"Zuidwest-Drenthe (CR)";"1995";"109";"97";"84";"30";"78";"2";"7";"24";"43";"41"
"Zuidwest-Drenthe (CR)";"2010";"207";"62";"208";"40";"72";"2";"8";"86";"62";"56"
"Zuidwest-Drenthe (CR)";"2011";"125";"65";"89";"38";"87";"2";"9";"88";"69";"60"
"Zuidwest-Drenthe (CR)";"2012";"126";"85";"162";"33";"108";"2";"9";"89";"65";"59"
"Zuidwest-Drenthe (CR)";"2013*";"106";"90";"82";"36";"103";"3";"7";"97";"65";"64"
"Noord-Overijssel (CR)";"1995";"404";"263";"234";"97";"282";"14";"18";"75";"113";"127"
"Noord-Overijssel (CR)";"2010";"594";"703";"422";"103";"233";"6";"25";"289";"172";"205"
"Noord-Overijssel (CR)";"2011";"699";"732";"322";"140";"234";"4";"26";"289";"183";"200"
"Noord-Overijssel (CR)";"2012";"526";"653";"327";"273";"268";"6";"25";"300";"186";"190"
"Noord-Overijssel (CR)";"2013*";"520";"419";"295";"127";"243";"7";"23";"291";"187";"191"
"Zuidwest-Overijssel (CR)";"1995";"96";"50";"36";"73";"89";"6";"6";"29";"38";"50"
"Zuidwest-Overijssel (CR)";"2010";"148";"88";"43";"67";"78";"2";"12";"106";"77";"73"
"Zuidwest-Overijssel (CR)";"2011";"187";"131";"71";"78";"87";"2";"13";"103";"83";"71"
"Zuidwest-Overijssel (CR)";"2012";"177";"129";"48";"55";"86";"2";"12";"105";"80";"95"
"Zuidwest-Overijssel (CR)";"2013*";"239";"156";"39";"73";"92";"3";"11";"104";"80";"70"
"Twente (CR)";"1995";"613";"244";"209";"140";"389";"12";"32";"124";"227";"209"
"Twente (CR)";"2010";"921";"379";"487";"181";"403";"6";"43";"410";"343";"296"
"Twente (CR)";"2011";"942";"531";"522";"292";"751";"5";"48";"415";"368";"375"
"Twente (CR)";"2012";"633";"438";"507";"215";"571";"6";"45";"433";"369";"304"
"Twente (CR)";"2013*";"475";"419";"450";"235";"385";"8";"38";"409";"372";"299"
"Veluwe (CR)";"1995";"815";"319";"241";"181";"332";"9";"44";"146";"216";"252"
"Veluwe (CR)";"2010";"1293";"915";"535";"215";"387";"5";"58";"560";"453";"358"
"Veluwe (CR)";"2011";"1275";"1232";"582";"246";"461";"4";"59";"564";"482";"424"
"Veluwe (CR)";"2012";"1092";"951";"623";"277";"517";"5";"58";"590";"480";"380"
"Veluwe (CR)";"2013*";"986";"687";"509";"251";"450";"6";"50";"585";"487";"376"
"Achterhoek (CR)";"1995";"373";"447";"73";"87";"250";"17";"12";"66";"112";"119"
"Achterhoek (CR)";"2010";"768";"432";"210";"88";"220";"8";"23";"217";"149";"164"
"Achterhoek (CR)";"2011";"645";"568";"167";"124";"250";"6";"24";"218";"161";"181"
"Achterhoek (CR)";"2012";"537";"512";"264";"220";"258";"7";"22";"220";"167";"172"
"Achterhoek (CR)";"2013*";"437";"459";"182";"95";"285";"9";"19";"214";"167";"169"
"Arnhem/Nijmegen (CR)";"1995";"800";"402";"376";"154";"356";"14";"36";"146";"329";"229"
"Arnhem/Nijmegen (CR)";"2010";"1296";"786";"363";"169";"348";"12";"61";"577";"440";"394"
"Arnhem/Nijmegen (CR)";"2011";"1270";"1126";"1071";"196";"372";"9";"63";"582";"466";"460"
"Arnhem/Nijmegen (CR)";"2012";"1171";"750";"554";"181";"398";"11";"59";"605";"465";"383"
"Arnhem/Nijmegen (CR)";"2013*";"1026";"622";"868";"197";"395";"14";"50";"592";"470";"380"
"Zuidwest-Gelderland (CR)";"1995";"221";"122";"129";"129";"119";"51";"9";"47";"59";"78"
"Zuidwest-Gelderland (CR)";"2010";"441";"212";"507";"100";"201";"34";"20";"163";"99";"104"
"Zuidwest-Gelderland (CR)";"2011";"481";"235";"355";"121";"191";"27";"22";"162";"95";"139"
"Zuidwest-Gelderland (CR)";"2012";"463";"274";"283";"86";"154";"34";"21";"165";"100";"109"
"Zuidwest-Gelderland (CR)";"2013*";"432";"263";"300";"83";"155";"45";"19";"164";"100";"107"
"Utrecht (CR)";"1995";"1204";"838";"762";"766";"540";"29";"92";"332";"440";"591"
"Utrecht (CR)";"2010";"2297";"1676";"1997";"1345";"759";"20";"158";"1506";"833";"913"
"Utrecht (CR)";"2011";"2438";"2106";"1522";"1203";"1118";"15";"159";"1490";"841";"1063"
"Utrecht (CR)";"2012";"1641";"1444";"1520";"1379";"873";"19";"149";"1550";"849";"958"
"Utrecht (CR)";"2013*";"1470";"1665";"1766";"1168";"851";"25";"132";"1544";"858";"1187"
"Kop van Noord-Holland (CR)";"1995";"346";"219";"164";"106";"168";"14";"18";"63";"79";"117"
"Kop van Noord-Holland (CR)";"2010";"521";"341";"327";"104";"223";"9";"28";"210";"161";"190"
"Kop van Noord-Holland (CR)";"2011";"482";"371";"459";"129";"276";"7";"29";"209";"165";"189"
"Kop van Noord-Holland (CR)";"2012";"395";"347";"281";"116";"236";"9";"29";"217";"165";"186"
"Kop van Noord-Holland (CR)";"2013*";"334";"345";"264";"117";"213";"12";"27";"215";"167";"186"
"Alkmaar en omgeving (CR)";"1995";"217";"99";"42";"63";"74";"1";"15";"44";"55";"75"
"Alkmaar en omgeving (CR)";"2010";"399";"534";"108";"65";"158";"1";"20";"179";"86";"125"
"Alkmaar en omgeving (CR)";"2011";"331";"687";"73";"85";"510";"0";"20";"182";"93";"148"
"Alkmaar en omgeving (CR)";"2012";"395";"352";"170";"73";"118";"1";"20";"185";"90";"124"
"Alkmaar en omgeving (CR)";"2013*";"287";"176";"152";"91";"88";"1";"16";"184";"91";"121"
"IJmond (CR)";"1995";"147";"92";"47";"42";"125";"0";"6";"32";"57";"65"
"IJmond (CR)";"2010";"215";"175";"88";"66";"148";"0";"11";"112";"94";"77"
"IJmond (CR)";"2011";"183";"145";"292";"60";"131";"0";"12";"116";"89";"84"
"IJmond (CR)";"2012";"233";"153";"193";"71";"151";"0";"12";"122";"82";"90"
"IJmond (CR)";"2013*";"239";"128";"66";"61";"154";"0";"11";"119";"83";"96"
"Agglomeratie Haarlem (CR)";"1995";"120";"92";"46";"37";"102";"0";"10";"46";"85";"74"
"Agglomeratie Haarlem (CR)";"2010";"554";"175";"162";"46";"77";"0";"17";"174";"152";"116"
"Agglomeratie Haarlem (CR)";"2011";"448";"147";"105";"155";"108";"0";"17";"169";"106";"124"
"Agglomeratie Haarlem (CR)";"2012";"329";"137";"164";"132";"136";"0";"14";"170";"138";"133"
"Agglomeratie Haarlem (CR)";"2013*";"300";"161";"161";"47";"91";"0";"14";"168";"139";"128"
"Zaanstreek (CR)";"1995";"209";"115";"85";"24";"59";"0";"6";"25";"37";"39"
"Zaanstreek (CR)";"2010";"315";"158";"201";"28";"131";"0";"14";"93";"58";"75"
"Zaanstreek (CR)";"2011";"241";"100";"216";"36";"113";"0";"14";"95";"62";"79"
"Zaanstreek (CR)";"2012";"200";"91";"148";"29";"115";"0";"12";"101";"64";"67"
"Zaanstreek (CR)";"2013*";"172";"79";"128";"37";"97";"0";"9";"100";"64";"69"
"Groot-Amsterdam (CR)";"1995";"1494";"771";"526";"1391";"909";"3";"118";"511";"514";"825"
"Groot-Amsterdam (CR)";"2010";"2356";"2027";"858";"1260";"1470";"2";"262";"2270";"1288";"1571"
"Groot-Amsterdam (CR)";"2011";"2147";"1529";"834";"1538";"1078";"2";"268";"2373";"1352";"1533"
"Groot-Amsterdam (CR)";"2012";"1709";"1820";"787";"1665";"957";"2";"266";"2405";"1413";"1603"
"Groot-Amsterdam (CR)";"2013*";"1712";"2169";"843";"1244";"1447";"3";"216";"2414";"1424";"1670"
"Het Gooi en Vechtstreek (CR)";"1995";"196";"81";"19";"50";"102";"0";"11";"60";"84";"116"
"Het Gooi en Vechtstreek (CR)";"2010";"466";"185";"69";"37";"90";"0";"27";"235";"143";"218"
"Het Gooi en Vechtstreek (CR)";"2011";"392";"155";"143";"92";"111";"0";"28";"238";"140";"216"
"Het Gooi en Vechtstreek (CR)";"2012";"322";"98";"101";"50";"91";"0";"28";"235";"130";"221"
"Het Gooi en Vechtstreek (CR)";"2013*";"258";"81";"57";"57";"84";"0";"24";"231";"131";"222"
"Agglomeratie Leiden en Bollenstreek (CR)";"1995";"475";"184";"55";"126";"131";"1";"25";"87";"158";"159"
"Agglomeratie Leiden en Bollenstreek (CR)";"2010";"864";"531";"124";"154";"175";"1";"31";"296";"329";"253"
"Agglomeratie Leiden en Bollenstreek (CR)";"2011";"910";"618";"137";"144";"279";"1";"33";"305";"376";"279"
"Agglomeratie Leiden en Bollenstreek (CR)";"2012";"797";"600";"124";"148";"207";"1";"33";"325";"345";"251"
"Agglomeratie Leiden en Bollenstreek (CR)";"2013*";"777";"687";"108";"139";"178";"1";"28";"337";"349";"247"
"Agglomeratie 's-Gravenhage (CR)";"1995";"1147";"949";"103";"260";"350";"0";"67";"197";"207";"380"
"Agglomeratie 's-Gravenhage (CR)";"2010";"1395";"1205";"437";"422";"620";"0";"112";"1134";"405";"726"
"Agglomeratie 's-Gravenhage (CR)";"2011";"1030";"915";"430";"372";"650";"0";"106";"1081";"415";"671"
"Agglomeratie 's-Gravenhage (CR)";"2012";"891";"691";"338";"411";"485";"0";"99";"1105";"387";"676"
"Agglomeratie 's-Gravenhage (CR)";"2013*";"748";"732";"419";"748";"542";"1";"80";"1091";"390";"803"
"Delft en Westland (CR)";"1995";"162";"163";"31";"79";"203";"1";"14";"53";"155";"96"
"Delft en Westland (CR)";"2010";"483";"240";"101";"82";"201";"1";"28";"186";"278";"151"
"Delft en Westland (CR)";"2011";"313";"188";"62";"124";"296";"1";"31";"189";"264";"175"
"Delft en Westland (CR)";"2012";"335";"218";"127";"96";"252";"1";"34";"194";"264";"152"
"Delft en Westland (CR)";"2013*";"442";"431";"124";"118";"193";"1";"32";"195";"269";"179"
"Oost-Zuid-Holland (CR)";"1995";"307";"152";"138";"174";"135";"5";"14";"62";"65";"101"
"Oost-Zuid-Holland (CR)";"2010";"632";"178";"296";"168";"151";"2";"23";"211";"112";"143"
"Oost-Zuid-Holland (CR)";"2011";"618";"300";"260";"233";"185";"2";"24";"206";"115";"174"
"Oost-Zuid-Holland (CR)";"2012";"577";"410";"259";"93";"204";"2";"25";"212";"114";"144"
"Oost-Zuid-Holland (CR)";"2013*";"441";"483";"257";"96";"151";"2";"22";"207";"115";"146"
"Groot-Rijnmond (CR)";"1995";"1328";"775";"921";"706";"1132";"8";"76";"392";"622";"536"
"Groot-Rijnmond (CR)";"2010";"2507";"2167";"1861";"1380";"2356";"6";"152";"1346";"1021";"1154"
"Groot-Rijnmond (CR)";"2011";"2128";"1957";"3340";"1246";"2481";"5";"161";"1340";"1075";"1169"
"Groot-Rijnmond (CR)";"2012";"1592";"2059";"1827";"944";"2619";"6";"155";"1367";"1104";"1167"
"Groot-Rijnmond (CR)";"2013*";"1044";"1186";"2301";"999";"1754";"7";"123";"1344";"1107";"1067"
"Zuidoost-Zuid-Holland (CR)";"1995";"297";"155";"398";"137";"227";"9";"19";"89";"110";"121"
"Zuidoost-Zuid-Holland (CR)";"2010";"717";"340";"1175";"181";"286";"5";"30";"291";"186";"201"
"Zuidoost-Zuid-Holland (CR)";"2011";"503";"426";"974";"182";"349";"4";"36";"301";"188";"207"
"Zuidoost-Zuid-Holland (CR)";"2012";"485";"331";"974";"205";"288";"5";"29";"315";"191";"206"
"Zuidoost-Zuid-Holland (CR)";"2013*";"364";"215";"1002";"217";"318";"6";"26";"314";"191";"194"
"Zeeuwsch-Vlaanderen (CR)";"1995";"94";"52";"27";"50";"171";"8";"3";"26";"97";"32"
"Zeeuwsch-Vlaanderen (CR)";"2010";"167";"118";"55";"246";"158";"5";"5";"62";"93";"40"
"Zeeuwsch-Vlaanderen (CR)";"2011";"220";"95";"102";"426";"490";"5";"6";"65";"68";"68"
"Zeeuwsch-Vlaanderen (CR)";"2012";"281";"123";"81";"165";"260";"6";"6";"65";"69";"56"
"Zeeuwsch-Vlaanderen (CR)";"2013*";"156";"108";"51";"122";"341";"9";"5";"63";"69";"70"
"Overig Zeeland (CR)";"1995";"331";"169";"45";"79";"556";"41";"14";"57";"66";"84"
"Overig Zeeland (CR)";"2010";"587";"206";"356";"55";"292";"30";"19";"182";"106";"137"
"Overig Zeeland (CR)";"2011";"528";"277";"165";"73";"224";"24";"20";"175";"112";"151"
"Overig Zeeland (CR)";"2012";"479";"282";"236";"93";"256";"29";"20";"178";"114";"133"
"Overig Zeeland (CR)";"2013*";"396";"219";"172";"139";"335";"39";"17";"175";"114";"131"
"West-Noord-Brabant (CR)";"1995";"581";"319";"284";"217";"565";"12";"28";"149";"228";"230"
"West-Noord-Brabant (CR)";"2010";"1085";"534";"869";"191";"721";"10";"51";"504";"467";"344"
"West-Noord-Brabant (CR)";"2011";"1070";"630";"810";"871";"707";"8";"56";"508";"491";"411"
"West-Noord-Brabant (CR)";"2012";"877";"616";"803";"409";"828";"10";"50";"518";"480";"349"
"West-Noord-Brabant (CR)";"2013*";"949";"791";"652";"756";"687";"12";"41";"515";"483";"352"
"Midden-Noord-Brabant (CR)";"1995";"458";"320";"119";"186";"327";"9";"38";"101";"118";"151"
"Midden-Noord-Brabant (CR)";"2010";"847";"501";"265";"231";"263";"6";"35";"333";"214";"249"
"Midden-Noord-Brabant (CR)";"2011";"744";"430";"231";"240";"418";"4";"38";"347";"218";"265"
"Midden-Noord-Brabant (CR)";"2012";"847";"422";"249";"181";"287";"5";"37";"352";"207";"258"
"Midden-Noord-Brabant (CR)";"2013*";"810";"530";"211";"233";"303";"7";"32";"347";"207";"225"
"Noordoost-Noord-Brabant (CR)";"1995";"781";"438";"236";"211";"371";"16";"31";"172";"282";"244"
"Noordoost-Noord-Brabant (CR)";"2010";"1335";"1032";"423";"198";"494";"12";"51";"535";"541";"351"
"Noordoost-Noord-Brabant (CR)";"2011";"1194";"976";"658";"253";"1120";"9";"53";"534";"579";"418"
"Noordoost-Noord-Brabant (CR)";"2012";"1097";"784";"621";"233";"596";"11";"51";"554";"540";"347"
"Noordoost-Noord-Brabant (CR)";"2013*";"986";"867";"838";"248";"519";"13";"43";"545";"544";"358"
"Zuidoost-Noord-Brabant (CR)";"1995";"960";"353";"248";"189";"750";"13";"32";"170";"519";"293"
"Zuidoost-Noord-Brabant (CR)";"2010";"1677";"734";"375";"186";"742";"9";"60";"685";"924";"490"
"Zuidoost-Noord-Brabant (CR)";"2011";"1349";"798";"332";"227";"692";"7";"65";"705";"939";"380"
"Zuidoost-Noord-Brabant (CR)";"2012";"990";"764";"465";"362";"1132";"9";"61";"741";"922";"495"
"Zuidoost-Noord-Brabant (CR)";"2013*";"906";"870";"336";"263";"863";"12";"53";"740";"937";"476"
"Noord-Limburg (CR)";"1995";"275";"155";"47";"67";"277";"7";"12";"56";"84";"99"
"Noord-Limburg (CR)";"2010";"472";"333";"76";"77";"226";"11";"19";"184";"151";"147"
"Noord-Limburg (CR)";"2011";"440";"376";"97";"108";"364";"9";"20";"187";"156";"175"
"Noord-Limburg (CR)";"2012";"347";"339";"100";"158";"257";"10";"22";"195";"165";"162"
"Noord-Limburg (CR)";"2013*";"252";"437";"68";"98";"275";"14";"21";"194";"166";"155"
"Midden-Limburg (CR)";"1995";"236";"167";"152";"61";"181";"6";"7";"42";"59";"75"
"Midden-Limburg (CR)";"2010";"402";"349";"156";"48";"214";"6";"14";"153";"94";"99"
"Midden-Limburg (CR)";"2011";"433";"452";"189";"61";"480";"5";"15";"150";"99";"123"
"Midden-Limburg (CR)";"2012";"290";"316";"254";"87";"352";"7";"16";"151";"98";"107"
"Midden-Limburg (CR)";"2013*";"252";"305";"131";"63";"166";"9";"14";"150";"98";"98"
"Zuid-Limburg (CR)";"1995";"587";"284";"220";"118";"561";"14";"34";"129";"252";"213"
"Zuid-Limburg (CR)";"2010";"644";"403";"190";"110";"454";"11";"47";"454";"500";"274"
"Zuid-Limburg (CR)";"2011";"489";"223";"172";"150";"589";"8";"51";"452";"545";"308"
"Zuid-Limburg (CR)";"2012";"451";"393";"367";"196";"760";"10";"44";"452";"529";"297"
"Zuid-Limburg (CR)";"2013*";"440";"864";"348";"154";"589";"13";"37";"453";"531";"312"
"Flevoland (CR)";"1995";"399";"248";"66";"155";"271";"19";"12";"72";"99";"106"
"Flevoland (CR)";"2010";"918";"618";"228";"1429";"989";"12";"24";"268";"205";"208"
"Flevoland (CR)";"2011";"712";"451";"215";"1554";"368";"9";"24";"255";"214";"232"
"Flevoland (CR)";"2012";"515";"543";"643";"1875";"309";"12";"23";"282";"205";"208"
"Flevoland (CR)";"2013*";"448";"378";"161";"1129";"238";"15";"19";"275";"208";"238"
"Utrecht-West (CP)";"1995";"143";"53";"53";"57";"62";"9";"5";"33";"38";"50"
"Utrecht-West (CP)";"2010";"285";"105";"171";"43";"64";"5";"12";"110";"61";"79"
"Utrecht-West (CP)";"2011";"240";"97";"111";"50";"102";"4";"10";"97";"56";"89"
"Utrecht-West (CP)";"2012";"173";"110";"123";"39";"76";"5";"10";"100";"56";"70"
"Utrecht-West (CP)";"2013*";"111";"124";"108";"48";"68";"6";"9";"97";"56";"68"
"Stadsgewest Amersfoort (CP)";"1995";"366";"199";"83";"96";"93";"2";"19";"68";"78";"111"
"Stadsgewest Amersfoort (CP)";"2010";"432";"247";"211";"176";"100";"1";"31";"326";"151";"163"
"Stadsgewest Amersfoort (CP)";"2011";"407";"260";"172";"194";"148";"1";"32";"326";"155";"203"
"Stadsgewest Amersfoort (CP)";"2012";"297";"301";"288";"62";"163";"1";"28";"332";"141";"180"
"Stadsgewest Amersfoort (CP)";"2013*";"220";"301";"282";"272";"132";"1";"22";"318";"142";"225"
"Stadsgewest Utrecht (CP)";"1995";"528";"538";"613";"580";"333";"13";"58";"201";"289";"379"
"Stadsgewest Utrecht (CP)";"2010";"1398";"1191";"1580";"1090";"534";"10";"99";"957";"560";"602"
"Stadsgewest Utrecht (CP)";"2011";"1540";"1583";"1200";"915";"787";"8";"100";"961";"569";"685"
"Stadsgewest Utrecht (CP)";"2012";"908";"868";"1058";"1227";"567";"10";"100";"1010";"595";"631"
"Stadsgewest Utrecht (CP)";"2013*";"872";"1070";"1322";"808";"590";"13";"91";"1021";"601";"816"
"Zuidoost-Utrecht (CP)";"1995";"168";"49";"12";"32";"51";"5";"10";"29";"34";"52"
"Zuidoost-Utrecht (CP)";"2010";"183";"133";"35";"36";"61";"4";"16";"113";"61";"68"
"Zuidoost-Utrecht (CP)";"2011";"250";"166";"39";"43";"80";"3";"16";"106";"60";"85"
"Zuidoost-Utrecht (CP)";"2012";"263";"165";"52";"50";"66";"3";"11";"108";"58";"77"
"Zuidoost-Utrecht (CP)";"2013*";"267";"170";"54";"40";"60";"4";"9";"107";"58";"78"
"Amsterdam (CP)";"1995";"953";"430";"350";"224";"431";"0";"87";"272";"358";"527"
"Amsterdam (CP)";"2010";"1560";"1124";"413";"311";"684";"0";"214";"1574";"1017";"1121"
"Amsterdam (CP)";"2011";"1465";"975";"367";"493";"539";"0";"222";"1615";"1059";"1111"
"Amsterdam (CP)";"2012";"929";"1134";"365";"328";"476";"0";"218";"1610";"1106";"1083"
"Amsterdam (CP)";"2013*";"1003";"1437";"506";"435";"636";"0";"173";"1646";"1114";"1193"
"Overig Agglomeratie Amsterdam (CP)";"1995";"162";"66";"31";"20";"86";"1";"16";"48";"42";"67"
"Overig Agglomeratie Amsterdam (CP)";"2010";"369";"169";"67";"338";"275";"0";"21";"206";"65";"120"
"Overig Agglomeratie Amsterdam (CP)";"2011";"333";"154";"22";"45";"44";"0";"20";"211";"71";"114"
"Overig Agglomeratie Amsterdam (CP)";"2012";"366";"155";"77";"85";"112";"0";"21";"218";"70";"128"
"Overig Agglomeratie Amsterdam (CP)";"2013*";"360";"284";"65";"40";"375";"0";"18";"209";"71";"153"
"Edam-Volendam en omgeving (CP)";"1995";"107";"24";"44";"22";"41";"2";"3";"17";"17";"31"
"Edam-Volendam en omgeving (CP)";"2010";"232";"67";"114";"93";"68";"2";"6";"65";"31";"46"
"Edam-Volendam en omgeving (CP)";"2011";"236";"54";"88";"34";"53";"1";"6";"62";"33";"60"
"Edam-Volendam en omgeving (CP)";"2012";"270";"34";"87";"102";"66";"1";"6";"63";"32";"46"
"Edam-Volendam en omgeving (CP)";"2013*";"222";"40";"82";"82";"39";"2";"5";"63";"32";"52"
"Haarlemmermeer en omgeving (CP)";"1995";"272";"252";"102";"1125";"351";"1";"12";"174";"97";"201"
"Haarlemmermeer en omgeving (CP)";"2010";"194";"668";"265";"518";"442";"0";"21";"425";"176";"285"
"Haarlemmermeer en omgeving (CP)";"2011";"113";"345";"357";"966";"442";"0";"21";"485";"190";"247"
"Haarlemmermeer en omgeving (CP)";"2012";"144";"496";"258";"1150";"303";"0";"21";"514";"205";"345"
"Haarlemmermeer en omgeving (CP)";"2013*";"127";"407";"191";"686";"396";"0";"21";"497";"206";"273"
"Aggl.'s-Gravenhage excl. Zoetermeer (CP)";"1995";"1018";"880";"93";"242";"313";"0";"60";"171";"181";"346"
"Aggl.'s-Gravenhage excl. Zoetermeer (CP)";"2010";"1164";"1116";"294";"397";"518";"0";"99";"1010";"356";"649"
"Aggl.'s-Gravenhage excl. Zoetermeer (CP)";"2011";"826";"826";"409";"348";"601";"0";"95";"956";"366";"592"
"Aggl.'s-Gravenhage excl. Zoetermeer (CP)";"2012";"689";"650";"310";"309";"428";"0";"90";"974";"337";"603"
"Aggl.'s-Gravenhage excl. Zoetermeer (CP)";"2013*";"634";"665";"388";"335";"491";"1";"72";"950";"340";"714"
"Zoetermeer (CP)";"1995";"130";"68";"10";"18";"37";"0";"7";"26";"26";"34"
"Zoetermeer (CP)";"2010";"231";"89";"143";"25";"102";"0";"13";"125";"49";"77"
"Zoetermeer (CP)";"2011";"205";"89";"21";"24";"49";"0";"11";"125";"48";"78"
"Zoetermeer (CP)";"2012";"202";"40";"29";"102";"57";"0";"10";"131";"50";"73"
"Zoetermeer (CP)";"2013*";"115";"67";"31";"413";"51";"0";"8";"141";"50";"89"
"Rijnmond (CP)";"1995";"1199";"715";"882";"659";"1064";"2";"70";"365";"592";"497"
"Rijnmond (CP)";"2010";"2257";"2030";"1704";"1317";"2252";"2";"138";"1254";"963";"1083"
"Rijnmond (CP)";"2011";"1841";"1837";"3238";"1170";"2371";"1";"145";"1245";"1013";"1093"
"Rijnmond (CP)";"2012";"1312";"1873";"1698";"878";"2529";"1";"138";"1269";"1042";"1093"
"Rijnmond (CP)";"2013*";"857";"1098";"2142";"904";"1654";"1";"110";"1247";"1045";"995"
"Overig Groot-Rijnmond (CP)";"1995";"129";"60";"39";"47";"67";"7";"6";"26";"30";"39"
"Overig Groot-Rijnmond (CP)";"2010";"249";"137";"157";"63";"104";"5";"13";"92";"58";"71"
"Overig Groot-Rijnmond (CP)";"2011";"287";"120";"102";"76";"110";"4";"16";"94";"62";"76"
"Overig Groot-Rijnmond (CP)";"2012";"280";"186";"129";"66";"90";"5";"16";"98";"62";"73"
"Overig Groot-Rijnmond (CP)";"2013*";"187";"88";"160";"95";"100";"6";"13";"97";"62";"72"
"Drechtsteden (CP)";"1995";"139";"92";"293";"80";"150";"0";"12";"57";"68";"74"
"Drechtsteden (CP)";"2010";"299";"119";"808";"116";"190";"0";"19";"189";"112";"143"
"Drechtsteden (CP)";"2011";"247";"184";"693";"121";"223";"0";"26";"197";"113";"143"
"Drechtsteden (CP)";"2012";"197";"170";"694";"150";"188";"0";"19";"204";"117";"128"
"Drechtsteden (CP)";"2013*";"136";"80";"728";"126";"201";"0";"17";"201";"117";"127"
"Overig Zuidoost-Zuid-Holland (CP)";"1995";"158";"63";"105";"56";"77";"9";"7";"32";"42";"46"
"Overig Zuidoost-Zuid-Holland (CP)";"2010";"419";"221";"367";"66";"96";"5";"10";"102";"74";"59"
"Overig Zuidoost-Zuid-Holland (CP)";"2011";"256";"243";"281";"61";"126";"4";"11";"104";"74";"64"
"Overig Zuidoost-Zuid-Holland (CP)";"2012";"288";"160";"280";"55";"100";"4";"10";"110";"74";"78"
"Overig Zuidoost-Zuid-Holland (CP)";"2013*";"228";"135";"274";"91";"117";"6";"9";"113";"74";"68"
"Stadsgewest 's-Hertogenbosch (CP)";"1995";"415";"185";"158";"118";"135";"4";"21";"77";"94";"133"
"Stadsgewest 's-Hertogenbosch (CP)";"2010";"608";"473";"285";"103";"190";"2";"31";"322";"170";"196"
"Stadsgewest 's-Hertogenbosch (CP)";"2011";"538";"478";"500";"131";"794";"2";"33";"316";"169";"220"
"Stadsgewest 's-Hertogenbosch (CP)";"2012";"486";"330";"439";"137";"318";"2";"30";"326";"174";"183"
"Stadsgewest 's-Hertogenbosch (CP)";"2013*";"491";"356";"696";"131";"182";"3";"25";"315";"175";"200"
"Overig Noordoost-Noord-Brabant (CP)";"1995";"366";"253";"78";"92";"235";"12";"10";"95";"188";"110"
"Overig Noordoost-Noord-Brabant (CP)";"2010";"727";"559";"138";"95";"304";"9";"20";"213";"370";"155"
"Overig Noordoost-Noord-Brabant (CP)";"2011";"657";"499";"158";"122";"326";"7";"20";"218";"410";"197"
"Overig Noordoost-Noord-Brabant (CP)";"2012";"612";"454";"182";"97";"278";"9";"21";"228";"366";"163"
"Overig Noordoost-Noord-Brabant (CP)";"2013*";"495";"511";"142";"117";"338";"11";"18";"230";"369";"157"
"Almere (CP)";"1995";"123";"83";"29";"106";"132";"0";"4";"34";"46";"46"
"Almere (CP)";"2010";"524";"306";"139";"1366";"55";"0";"10";"136";"78";"85"
"Almere (CP)";"2011";"413";"171";"112";"1486";"101";"0";"10";"127";"85";"96"
"Almere (CP)";"2012";"231";"138";"142";"1775";"98";"0";"9";"134";"87";"82"
"Almere (CP)";"2013*";"189";"99";"104";"1027";"77";"0";"7";"133";"88";"120"
"Flevoland-Midden (CP)";"1995";"196";"104";"32";"27";"69";"11";"6";"26";"35";"40"
"Flevoland-Midden (CP)";"2010";"299";"220";"80";"49";"885";"7";"10";"101";"88";"90"
"Flevoland-Midden (CP)";"2011";"197";"160";"96";"49";"189";"5";"9";"96";"88";"105"
"Flevoland-Midden (CP)";"2012";"161";"273";"494";"67";"145";"7";"9";"114";"80";"96"
"Flevoland-Midden (CP)";"2013*";"179";"183";"50";"76";"103";"8";"7";"110";"81";"88"
"Noordoostpolder en Urk (CP)";"1995";"80";"61";"5";"22";"70";"9";"3";"12";"18";"19"
"Noordoostpolder en Urk (CP)";"2010";"94";"93";"9";"14";"48";"6";"4";"32";"39";"33"
"Noordoostpolder en Urk (CP)";"2011";"101";"120";"7";"19";"78";"4";"4";"32";"41";"31"
"Noordoostpolder en Urk (CP)";"2012";"123";"132";"8";"33";"65";"5";"5";"33";"38";"31"
"Noordoostpolder en Urk (CP)";"2013*";"79";"96";"7";"26";"58";"6";"5";"33";"39";"30"

